country_name,deaths,confirmed
Afghanistan,7206,155191
Albania,2705,170778
Algeria,5815,203517
Andorra,130,15222
Angola,1567,58076
Antigua and Barbuda,81,3336
Argentina,115225,5258466
Armenia,5339,262631
Australia,6,1063
Australia,416,64014
Australia,0,212
Australia,7,2042
Australia,4,902
Australia,13,235
Australia,866,39952
Australia,9,1096
Austria,11014,744964
Azerbaijan,6543,484591
Bahamas,533,21114
Bahrain,1389,275130
Bangladesh,27531,1556758
Barbados,78,8609
Belarus,4159,540079
Belgium,0,163792
Belgium,0,168025
Belgium,0,140719
Belgium,0,99736
Belgium,0,173941
Belgium,0,150504
Belgium,0,69519
Belgium,0,34570
Belgium,0,64288
Belgium,25612,24590
Belgium,0,48119
Belgium,0,109394
Belize,418,21003
Benin,159,23890
Bhutan,3,2601
Bolivia,18750,500823
Bosnia and Herzegovina,10635,235536
Botswana,2368,179220
Brazil,1838,87925
Brazil,6217,238249
Brazil,1984,122858
Brazil,13724,426527
Brazil,26866,1234370
Brazil,24233,940756
Brazil,10480,496186
Brazil,12561,587002
Brazil,23533,865159
Brazil,10177,356562
Brazil,13568,534336
Brazil,9564,373084
Brazil,54613,2143234
Brazil,16660,591574
Brazil,9312,441837
Brazil,39109,1513301
Brazil,19747,621192
Brazil,7012,319410
Brazil,7340,368716
Brazil,34881,1438878
Brazil,66261,1288476
Brazil,6529,265879
Brazil,2001,126220
Brazil,19291,1193381
Brazil,149953,4367748
Brazil,6010,278134
Brazil,3791,224657
Brunei,43,7326
Bulgaria,20969,504253
Burkina Faso,184,14262
Burma,17789,465922
Burundi,38,17979
Cabo Verde,340,37604
Cambodia,2336,112883
Cameroon,1459,92303
Canada,2731,299802
Canada,1973,187694
Canada,1,0
Canada,0,13
Canada,1211,60628
Canada,60,4272
Canada,10,1788
Canada,6,1154
Canada,97,6715
Canada,4,664
Canada,9795,595011
Canada,0,296
Canada,11377,410823
Canada,0,13
Canada,700,67810
Canada,9,758
Central African Republic,100,11371
Chad,174,5042
Chile,1247,61414
Chile,1512,98324
Chile,532,27299
Chile,354,27382
Chile,78,8329
Chile,2685,151518
Chile,1027,48832
Chile,1405,89042
Chile,694,49384
Chile,498,29251
Chile,1780,101923
Chile,19194,692495
Chile,644,36049
Chile,1550,68823
Chile,810,41536
Chile,0,49
Chile,3466,123421
China,6,1008
China,9,1124
China,6,603
China,1,1282
China,2,199
China,8,3180
China,2,298
China,2,147
China,6,190
China,7,1317
China,13,1704
China,22,1542
China,213,12221
China,4512,68298
China,4,1187
China,1,419
China,0,1599
China,1,937
China,3,574
China,2,456
China,0,71
China,0,77
China,0,18
China,3,672
China,7,933
China,7,2612
China,0,260
China,3,1209
China,3,490
China,0,1
China,0,0
China,3,980
China,2,1438
China,1,1449
Colombia,255,6831
Colombia,16086,746849
Colombia,455,13316
Colombia,9459,321518
Colombia,2963,156402
Colombia,2548,105313
Colombia,2260,100354
Colombia,27482,1449887
Colombia,934,22846
Colombia,922,35549
Colombia,1535,55825
Colombia,2485,89074
Colombia,395,16381
Colombia,3734,103905
Colombia,6797,263670
Colombia,29,2294
Colombia,95,5131
Colombia,3139,88206
Colombia,1338,42446
Colombia,3322,94193
Colombia,2230,88225
Colombia,3018,89527
Colombia,4254,90547
Colombia,667,16276
Colombia,1738,56238
Colombia,2223,87643
Colombia,135,6872
Colombia,7285,225319
Colombia,1623,59060
Colombia,3654,107389
Colombia,296,0
Colombia,12910,407383
Colombia,17,1750
Colombia,53,2925
Comoros,147,4147
Congo (Brazzaville),197,14359
Congo (Kinshasa),1084,56997
Costa Rica,6413,533873
Cote d'Ivoire,631,60335
Croatia,8650,406307
Cuba,7486,882477
Cyprus,552,120272
Czechia,30475,1692412
Denmark,2,1178
Denmark,0,584
Denmark,2659,359237
Diamond Princess,13,712
Djibouti,167,12870
Dominica,21,3555
Dominican Republic,4049,359597
Ecuador,32762,509238
Egypt,17367,305269
El Salvador,3245,104348
Equatorial Guinea,147,12362
Eritrea,42,6722
Estonia,1357,156986
Eswatini,1223,45971
Ethiopia,5630,347084
Fiji,631,51130
Finland,1078,142114
France,262,40845
France,623,40178
France,767,53106
France,628,41284
France,178,20274
France,129,7619
France,366,53241
France,2,1634
France,0,31
France,35,3795
France,7,454
France,114538,6848693
Gabon,190,30648
Gambia,338,9935
Georgia,8976,614763
Germany,10691,575303
Germany,15667,732580
Germany,3628,207063
Germany,3852,116475
Germany,510,33062
Germany,1741,92022
Germany,7752,334204
Germany,1202,49084
Germany,5962,301361
Germany,17851,961527
Germany,3998,181190
Germany,1052,47530
Germany,10229,298224
Germany,3544,104432
Germany,1687,76478
Germany,4415,135950
Germany,0,2576
Ghana,1156,127482
Greece,14860,658368
Grenada,150,5236
Guatemala,13625,563257
Guinea,379,30420
Guinea-Bissau,135,6110
Guyana,792,32055
Haiti,611,21916
Holy See,0,27
Honduras,9854,367275
Hungary,30199,823384
Iceland,33,11839
India,129,7621
India,14186,2051133
India,277,54680
India,5876,602466
India,9661,725961
India,819,65232
India,13566,1005379
India,4,10670
India,25087,1438900
India,3317,176515
India,10082,825952
India,9874,770890
India,3679,219244
India,4423,329563
India,5135,348238
India,37807,2976589
India,25182,4694692
India,207,20809
India,51,10361
India,10522,792542
India,139117,6553961
India,1858,120743
India,1404,81445
India,314,96456
India,666,31265
India,8202,1026953
India,1840,126431
India,16518,601662
India,8954,954331
India,387,31482
India,35603,2665386
India,3919,666183
India,814,84163
India,0,0
India,22892,1709835
India,7395,343550
India,18806,1569778
Indonesia,142026,4216728
Iran,120663,5601565
Iraq,22302,2005991
Ireland,5249,390989
Israel,7766,1285570
Italy,2545,81281
Italy,614,30175
Italy,1408,83918
Italy,7944,456695
Italy,13477,424089
Italy,3823,113845
Italy,8658,384836
Italy,4410,112785
Italy,34049,884125
Italy,3078,113951
Italy,497,14503
Italy,1193,76980
Italy,1373,48394
Italy,11762,379208
Italy,6794,268812
Italy,1642,75334
Italy,6832,298810
Italy,7175,282467
Italy,1449,63836
Italy,474,12140
Italy,11776,469574
Jamaica,1877,84069
Japan,1136,105700
Japan,26,1864
Japan,36,5706
Japan,999,99649
Japan,81,5174
Japan,37,3046
Japan,613,74028
Japan,174,9443
Japan,215,18426
Japan,173,16609
Japan,196,21657
Japan,1467,60270
Japan,1388,77624
Japan,216,24190
Japan,125,7887
Japan,52,3482
Japan,36,4682
Japan,67,9058
Japan,1263,167795
Japan,31,4109
Japan,136,14313
Japan,279,35582
Japan,163,14629
Japan,117,16262
Japan,41,6116
Japan,96,8738
Japan,71,5993
Japan,150,15397
Japan,60,7869
Japan,81,8111
Japan,135,15105
Japan,313,49764
Japan,2970,199812
Japan,4,4226
Japan,29,5775
Japan,1008,114882
Japan,100,12278
Japan,4,1633
Japan,206,26645
Japan,115,15274
Japan,64,3256
Japan,2934,375684
Japan,5,1645
Japan,50,4803
Japan,0,8
Japan,61,5245
Japan,57,3536
Japan,89,5593
Japan,29,5133
Jordan,10727,824697
Kazakhstan,15907,965080
Kenya,5128,249725
Kiribati,0,2
"Korea, South",2504,316020
Kosovo,2955,160114
Kuwait,2450,411690
Kyrgyzstan,2607,178608
Laos,20,24310
Latvia,2721,159418
Lebanon,8333,624743
Lesotho,633,21320
Liberia,286,5799
Libya,4664,341091
Liechtenstein,60,3448
Lithuania,5014,333690
Luxembourg,835,78326
MS Zaandam,2,9
Madagascar,958,42898
Malawi,2282,61597
Malaysia,3322,197065
Malaysia,1852,135545
Malaysia,822,116166
Malaysia,854,58718
Malaysia,1195,97442
Malaysia,588,65551
Malaysia,867,103186
Malaysia,73,3973
Malaysia,1372,130986
Malaysia,2238,198846
Malaysia,861,212037
Malaysia,9372,679232
Malaysia,376,56346
Malaysia,0,0
Malaysia,2494,186348
Malaysia,148,9964
Malaysia,22,6179
Maldives,231,84866
Mali,549,15255
Malta,458,37163
Marshall Islands,0,4
Mauritania,776,36079
Mauritius,84,15695
Mexico,2753,33851
Mexico,9402,61326
Mexico,2304,55312
Mexico,1952,22871
Mexico,2210,22323
Mexico,7913,65557
Mexico,38977,948222
Mexico,7152,89150
Mexico,1904,31823
Mexico,2953,47349
Mexico,12102,174641
Mexico,5966,74651
Mexico,7513,60366
Mexico,16215,154803
Mexico,42617,362908
Mexico,7649,71075
Mexico,4475,48099
Mexico,2683,32944
Mexico,12438,197356
Mexico,5178,77209
Mexico,14567,119442
Mexico,5297,93586
Mexico,3970,58075
Mexico,6411,99391
Mexico,8470,71846
Mexico,8214,108229
Mexico,5208,134802
Mexico,6441,97067
Mexico,2869,28435
Mexico,0,0
Mexico,13665,118027
Mexico,5264,70292
Mexico,3246,40583
Micronesia,0,1
Moldova,6803,295681
Monaco,33,3314
Mongolia,1295,306603
Montenegro,1928,131946
Morocco,14290,934007
Mozambique,1918,150759
Namibia,3514,127680
Nepal,11148,795959
Netherlands,166,15514
Netherlands,19,2116
Netherlands,163,16556
Netherlands,358,39623
Netherlands,252,44625
Netherlands,488,54041
Netherlands,2095,221106
Netherlands,268,50980
Netherlands,1698,132407
Netherlands,3173,313869
Netherlands,2728,344754
Netherlands,1164,129775
Netherlands,66,4291
Netherlands,15,6363
Netherlands,1304,155015
Netherlands,258,34393
Netherlands,4375,477812
New Zealand,0,1
New Zealand,27,4319
Nicaragua,204,14448
Niger,203,6025
Nigeria,2724,205940
North Macedonia,6683,191820
Norway,861,189915
Oman,4096,303769
Pakistan,738,34193
Pakistan,349,32943
Pakistan,184,10329
Pakistan,926,105590
Pakistan,5559,174260
Pakistan,12661,432190
Pakistan,7414,458697
Palau,0,5
Panama,7230,467338
Papua New Guinea,234,20455
Paraguay,16198,459967
Peru,1253,31512
Peru,6636,76951
Peru,1501,26050
Peru,9644,114581
Peru,2095,33654
Peru,4111,65567
Peru,9945,100455
Peru,4750,73245
Peru,1152,16131
Peru,2689,35495
Peru,8327,58572
Peru,6984,85720
Peru,10155,87890
Peru,8585,61201
Peru,88365,948038
Peru,4169,45008
Peru,768,13838
Peru,1510,29517
Peru,1041,15752
Peru,11928,87259
Peru,4108,39833
Peru,3052,48538
Peru,1949,29705
Peru,1559,18722
Peru,3091,32071
Peru,56,1978
Philippines,38493,2565487
Poland,75666,2908432
Portugal,17979,1069975
Qatar,606,236735
Romania,37210,1244555
Russia,432,19698
Russia,4224,77932
Russia,362,21584
Russia,446,35623
Russia,1183,89746
Russia,1672,59580
Russia,1637,67331
Russia,1164,54087
Russia,1454,65750
Russia,1851,58961
Russia,598,22676
Russia,3416,96417
Russia,18,1861
Russia,2325,34051
Russia,2517,51989
Russia,322,21577
Russia,4831,109440
Russia,1611,49102
Russia,267,8045
Russia,800,31959
Russia,741,55072
Russia,604,30511
Russia,715,48324
Russia,347,19759
Russia,614,25507
Russia,868,65843
Russia,1301,56876
Russia,799,84294
Russia,1104,38954
Russia,1100,75371
Russia,536,57717
Russia,1787,70371
Russia,779,33806
Russia,6255,74135
Russia,5846,116409
Russia,715,33506
Russia,1457,57846
Russia,2473,69413
Russia,1672,53268
Russia,255,11044
Russia,601,19764
Russia,563,28211
Russia,29044,1637913
Russia,8199,450496
Russia,2084,72660
Russia,45,2307
Russia,6644,170235
Russia,624,23014
Russia,443,44458
Russia,2997,63714
Russia,2174,84829
Russia,1015,46256
Russia,1974,77726
Russia,2730,70843
Russia,4886,102055
Russia,1153,69137
Russia,782,50433
Russia,6832,139123
Russia,1118,42453
Russia,21909,622998
Russia,1210,54328
Russia,304,33056
Russia,3896,105849
Russia,3013,89080
Russia,1735,50220
Russia,3045,86200
Russia,6330,139462
Russia,909,43558
Russia,748,27123
Russia,565,43749
Russia,3031,54752
Russia,1646,66943
Russia,1964,61998
Russia,282,26694
Russia,2051,53454
Russia,2593,83378
Russia,1974,54443
Russia,2809,92424
Russia,1890,68994
Russia,4444,133898
Russia,693,50560
Russia,1209,61726
Russia,1168,69108
Rwanda,1276,97695
Saint Kitts and Nevis,13,1965
Saint Lucia,207,11573
Saint Vincent and the Grenadines,26,3563
Samoa,0,3
San Marino,91,5440
Sao Tome and Principe,51,3504
Saudi Arabia,8716,547134
Senegal,1858,73782
Serbia,8280,949260
Seychelles,112,21507
Sierra Leone,121,6394
Singapore,103,99430
Slovakia,12649,413723
Slovenia,4565,294335
Solomon Islands,0,20
Somalia,1111,19980
South Africa,87705,2904307
South Sudan,130,12021
Spain,11136,802007
Spain,3816,160943
Spain,2066,70893
Spain,959,99330
Spain,7762,510366
Spain,992,95264
Spain,608,46197
Spain,6445,237754
Spain,7312,299381
Spain,15673,917188
Spain,128,7549
Spain,1983,102466
Spain,2635,186537
Spain,823,39480
Spain,16101,890839
Spain,107,11003
Spain,1731,140867
Spain,1246,82553
Spain,4940,260511
Spain,0,0
Sri Lanka,12964,518775
Sudan,2902,38283
Summer Olympics 2020,0,865
Suriname,884,41631
Sweden,130,13398
Sweden,352,28489
Sweden,561,37001
Sweden,53,4564
Sweden,327,43017
Sweden,126,13120
Sweden,561,45390
Sweden,249,25310
Sweden,324,23428
Sweden,287,27444
Sweden,350,33884
Sweden,654,44442
Sweden,1778,164575
Sweden,481,27052
Sweden,4420,274675
Sweden,547,42243
Sweden,222,21434
Sweden,190,25544
Sweden,481,27498
Sweden,359,29577
Sweden,2416,201570
Switzerland,11093,841573
Syria,2257,34460
Taiwan*,843,16234
Tajikistan,125,17484
Tanzania,719,25846
Thailand,16850,1615229
Timor-Leste,117,19535
Togo,229,25429
Trinidad and Tobago,1489,50903
Tunisia,24901,707548
Turkey,64037,7153527
US,142,9761
US,514,36491
US,71,3495
US,83,4146
US,161,9842
US,44,1507
US,90,3208
US,429,21599
US,137,5479
US,57,2942
US,146,6459
US,27,771
US,80,4670
US,66,2318
US,53,2413
US,182,9045
US,186,8620
US,48,1830
US,36,1737
US,170,6537
US,71,2405
US,275,14888
US,177,8705
US,190,4747
US,246,12314
US,272,14636
US,124,6632
US,470,19523
US,74,2829
US,103,5859
US,121,4485
US,43,1225
US,86,2938
US,61,3053
US,390,17003
US,162,9511
US,1804,112597
US,45,2023
US,284,13737
US,108,4154
US,227,22863
US,193,14820
US,60,1711
US,58,2238
US,649,50828
US,88,3280
US,124,4861
US,282,17996
US,1263,71276
US,57,3235
US,691,33457
US,345,20120
US,0,0
US,37,1368
US,76,3094
US,100,4655
US,57,3162
US,57,6145
US,321,36673
US,321,15613
US,37,1253
US,252,13227
US,188,6794
US,558,34333
US,0,0
US,340,10749
US,49,2472
US,37,1637
US,98,4326
US,3,430
US,1,913
US,279,48255
US,25,5196
US,0,0
US,0,370
US,3,948
US,1,479
US,1,239
US,5,616
US,66,13125
US,0,216
US,9,3281
US,43,8948
US,8,1475
US,7,2128
US,5,1810
US,84,18237
US,0,1070
US,5,2338
US,4,1267
US,3,255
US,5,468
US,5,1124
US,0,72
US,9,1060
US,0,485
US,0,0
US,0,142
US,2,164
US,5,592
US,473,13137
US,329,14380
US,349,21430
US,260,9013
US,99,6991
US,15,970
US,90,3030
US,11493,696815
US,935,31362
US,601,19766
US,0,0
US,2644,135546
US,1017,69034
US,190,8808
US,0,0
US,643,26220
US,901,40723
US,56,3385
US,42,3096
US,170,5685
US,575,40730
US,114,6021
US,37,1921
US,7,580
US,67,4196
US,44,1988
US,51,3118
US,58,2600
US,88,3543
US,32,1352
US,66,3290
US,42,3078
US,233,20795
US,165,10332
US,122,8516
US,59,2828
US,18,1120
US,29,1828
US,54,2782
US,214,18985
US,52,2653
US,55,1649
US,369,15607
US,47,2823
US,113,9640
US,25,2838
US,105,7367
US,30,2330
US,152,5990
US,55,2375
US,42,4024
US,224,12193
US,56,4429
US,12,814
US,52,3135
US,45,2037
US,55,3616
US,45,1945
US,34,3448
US,171,11626
US,35,2409
US,55,2075
US,44,6190
US,129,7951
US,21,1170
US,40,1103
US,30,1301
US,34,1149
US,75,3352
US,20,1448
US,69,3108
US,35,1643
US,96,4734
US,98,2862
US,149,11611
US,28,1270
US,876,57351
US,51,3150
US,235,18058
US,25,1655
US,24,1230
US,345,21564
US,34,3686
US,62,2698
US,59,4658
US,40,1611
US,27,6363
US,128,5495
US,37,2101
US,455,43298
US,181,12754
US,23,1062
US,76,4516
US,1345,117998
US,0,102
US,61,5166
US,243,22456
US,72,3634
US,18,2968
US,933,97417
US,39,3495
US,136,16470
US,1964,139735
US,30,4172
US,98,8686
US,757,34871
US,39,1773
US,1547,139554
US,301,31172
US,97,6301
US,36,7236
US,26126,1460645
US,269,22597
US,242,17349
US,13,1110
US,84,7239
US,552,40560
US,8,635
US,5,1556
US,571,50208
US,96,12522
US,87,8763
US,5436,319458
US,0,0
US,381,37742
US,6,1327
US,4895,363950
US,2187,153980
US,71,7211
US,5540,351963
US,4081,357254
US,634,52919
US,1646,99770
US,323,29075
US,616,53106
US,508,44048
US,1862,142386
US,214,20514
US,303,22166
US,0,146
US,42,4204
US,321,44940
US,386,40001
US,1284,82812
US,160,13438
US,93,8743
US,10,798
US,908,75912
US,93,6439
US,0,116
US,1148,99135
US,242,19644
US,66,9566
US,799,70930
US,42,2173
US,813,74128
US,4,1371
US,5,398
US,23,1622
US,244,28628
US,78,6198
US,28,2103
US,7,160
US,4,702
US,30,893
US,6,339
US,20,2310
US,6,312
US,79,3493
US,908,86035
US,1,191
US,270,37372
US,31,7914
US,1017,92151
US,19,2438
US,75,7499
US,59,7263
US,3,402
US,10,2025
US,9,1746
US,0,53
US,18,571
US,0,93
US,868,58370
US,4,122
US,14,855
US,51,5318
US,1,959
US,282,35415
US,20,1646
US,6,1229
US,75,4429
US,297,21665
US,1,116
US,32,1712
US,33,2662
US,77,4721
US,97,3131
US,75,2356
US,5,390
US,0,0
US,7,1197
US,14,471
US,5,3008
US,26,1491
US,460,22702
US,8,855
US,20,1240
US,22,3094
US,7,578
US,1,90
US,3,1096
US,4,278
US,10,4540
US,24,2467
US,0,95
US,14,532
US,405,42091
US,18,1083
US,2285,110458
US,2549,95624
US,313,16515
US,388,14465
US,2214,102740
US,484,26428
US,196,10967
US,11,1329
US,210,12540
US,406,23764
US,962,76690
US,586,32816
US,0,329
US,0,49
US,1176,61331
US,285,38898
US,62,5945
US,394,32102
US,58,5294
US,914,79992
US,3079,352795
US,45,2972
US,437,22724
US,463,20117
US,352,33261
US,551,57183
US,170,14748
US,97,6801
US,24,2881
US,1483,163630
US,706,56440
US,114,14174
US,20,2242
US,99,8516
US,44,3097
US,19,1399
US,45,2971
US,25,2691
US,45,5954
US,87,7872
US,482,28135
US,366,15652
US,1832,236927
US,49,3784
US,306,21913
US,158,9982
US,28,2444
US,26,2165
US,663,53497
US,1009,124919
US,332,50512
US,56,6863
US,16,1788
US,45,3560
US,689,64427
US,996,55772
US,335,19903
US,6472,668562
US,52,10672
US,127,15255
US,367,34008
US,89,7375
US,1310,225612
US,529,70886
US,2883,222781
US,802,78006
US,1671,133599
US,1387,126378
US,160,12564
US,291,32066
US,844,55837
US,516,60983
US,221,40033
US,657,46984
US,284,14273
US,140,9100
US,48,4500
US,18326,2961
US,74,3036
US,846,74285
US,56,6311
US,89,12587
US,52,4510
US,91,3358
US,29,1517
US,53,2404
US,14,361
US,170,6525
US,56,2646
US,178,14154
US,312,19780
US,94,3150
US,59,3417
US,578,24754
US,65,2258
US,77,3046
US,63,2377
US,57,6132
US,174,11037
US,73,3666
US,98,4500
US,20,820
US,86,7614
US,80,1543
US,286,16016
US,92,9077
US,52,2148
US,607,37537
US,17,5430
US,91,4383
US,410,42219
US,166,19602
US,5,311
US,646,37982
US,33,1391
US,1287,105524
US,206,7617
US,167,7237
US,262,24103
US,55,3554
US,308,20169
US,37,1092
US,105,3071
US,17,2066
US,61,4502
US,1208,87954
US,94,4607
US,118,3516
US,53,1601
US,376,11947
US,265,21524
US,56,1794
US,9,706
US,142,8606
US,81,3124
US,104,4316
US,46,1568
US,98,3614
US,209,12747
US,317,17696
US,237,32583
US,74,3786
US,1639,128086
US,123,4411
US,19,398
US,316,15092
US,175,10923
US,83,3492
US,69,2622
US,1350,127827
US,182,7060
US,581,36449
US,77,1115
US,104,3687
US,75,3581
US,62,3385
US,32,1446
US,441,36812
US,337,24287
US,32,1403
US,189,14210
US,53,2076
US,55,2871
US,80,2601
US,50,1177
US,57,1516
US,82,3346
US,82,3328
US,15,1433
US,221,8860
US,76,4535
US,89,7166
US,32,1138
US,20,1622
US,283,20787
US,91,4646
US,39,1290
US,65,4808
US,34,935
US,67,3417
US,28,1678
US,100,2899
US,19,1176
US,97,3251
US,139,4033
US,35,1460
US,38,3008
US,121,7090
US,569,23203
US,313,15708
US,77,5449
US,38,2087
US,871,41941
US,299,24206
US,90,3965
US,103,5326
US,90,4119
US,63,3708
US,137,8237
US,56,1479
US,74,3149
US,4,246
US,57,2405
US,39,965
US,619,34005
US,216,10984
US,7,615
US,51,1770
US,23,1480
US,253,9986
US,95,4573
US,28,1485
US,119,4030
US,23,714
US,3,165
US,101,3697
US,34,1231
US,65,2167
US,56,1169
US,167,7532
US,162,8169
US,155,5269
US,75,1733
US,44,1207
US,286,10638
US,48,1654
US,58,1059
US,6,4656
US,104,3452
US,157,5314
US,126,10728
US,309,14579
US,229,7139
US,23,743
US,109,3154
US,156,5722
US,6,235
US,33,935
US,116,4678
US,315,21839
US,53,1242
US,34,1494
US,37,1467
US,83,2949
US,3,103
US,198,15168
US,91,10097
US,598,55310
US,8,2268
US,87,9468
US,5,2429
US,0,0
US,648,71882
US,8,457
US,145,11900
US,11,599
US,16,1054
US,94,6090
US,21,2800
US,7,623
US,69,4677
US,196,18153
US,20,1178
US,3,301
US,1,96
US,423,36777
US,14,909
US,31,3547
US,0,73
US,25,1554
US,5,343
US,37,3587
US,20,1476
US,15,1406
US,52,2491
US,34,2064
US,26,1866
US,36,3682
US,38,3858
US,323,25532
US,25,4161
US,13,737
US,17,696
US,11,627
US,34,8160
US,39,2926
US,85,5714
US,6,464
US,36,1448
US,51,3559
US,12,891
US,52,1735
US,5,1520
US,181,14489
US,0,1
US,8,1307
US,38,1690
US,148,12862
US,11,685
US,24,2480
US,83,7709
US,8,1039
US,89,4325
US,2,657
US,37,2287
US,29,2566
US,188,26288
US,81,5046
US,39,2583
US,49,2479
US,100,6902
US,117,7579
US,11048,620602
US,30,3181
US,26,1830
US,30,2003
US,133,11836
US,37,3131
US,1365,105273
US,45,2431
US,16,999
US,89,6324
US,59,4164
US,58,2372
US,103,7086
US,70,5000
US,7,771
US,40,2018
US,82,7141
US,21,1311
US,34,2648
US,15,568
US,14,683
US,76,6376
US,76,4066
US,91,7876
US,20,1559
US,137,6240
US,53,3284
US,27,2097
US,28,2190
US,857,66733
US,237,17194
US,107,15724
US,167,6903
US,281,14685
US,1067,78147
US,32,3149
US,60,4659
US,96,5791
US,74,4828
US,248,14812
US,102,6676
US,583,38956
US,138,6691
US,21,1369
US,51,2055
US,45,2052
US,57,3623
US,319,33608
US,213,22337
US,13,1656
US,34,1962
US,99,5150
US,77,4758
US,98,4934
US,31,2168
US,87,7294
US,0,14
US,365,26306
US,72,4216
US,14,1956
US,56,2596
US,5,520
US,11,1009
US,4,551
US,98,5415
US,56,2720
US,351,18140
US,68,4223
US,282,25099
US,10,1003
US,5,702
US,44,3271
US,578,35514
US,27,782
US,91,5601
US,326,20075
US,2432,238
US,47,2993
US,193,13625
US,18,2091
US,64,2324
US,28,2084
US,58,2854
US,32,2725
US,177,8063
US,1102,88614
US,165,11742
US,550,39707
US,92,5630
US,69,4560
US,773,55016
US,174,10917
US,16,1459
US,36,1757
US,112,8586
US,47,1384
US,31,2498
US,118,7293
US,238,17882
US,58,4037
US,67,5462
US,20,1514
US,110,4369
US,92,5970
US,91,7902
US,100,3964
US,234,14472
US,125,7961
US,494,34437
US,83,3892
US,211,10706
US,57,3234
US,40,2492
US,58,2894
US,107,6310
US,211,9461
US,94,4041
US,450,44819
US,171,11207
US,89,6208
US,347,22873
US,141,7869
US,277,14208
US,97,6132
US,87,6733
US,64,4967
US,38,2657
US,92,4868
US,57,3707
US,426,24153
US,105,5701
US,141,11729
US,75,3342
US,242,14633
US,1116,64400
US,164,7173
US,394,17873
US,2027,131202
US,130,7523
US,18,1327
US,90,5636
US,196,14770
US,106,5973
US,168,9096
US,46,1499
US,101,7600
US,11,818
US,60,2819
US,66,2967
US,24,2247
US,54,2591
US,41,2188
US,354,22138
US,41,3668
US,51,1719
US,71,5540
US,93,3248
US,80,4712
US,31,2451
US,65,4195
US,112,6824
US,37,3272
US,595,42771
US,67,2936
US,70,5192
US,49,3183
US,10,1298
US,253,27165
US,56,2162
US,493,0
US,13,1016
US,460,31076
US,51,2433
US,289,16746
US,93,5009
US,16,1173
US,179,10907
US,47,3412
US,235,10353
US,86,3995
US,58,4000
US,54,5410
US,34,989
US,4,455
US,52,1845
US,50,1629
US,14,615
US,56,3359
US,344,19654
US,36,3287
US,66,3389
US,38,2568
US,43,4824
US,37,1965
US,13,1782
US,53,3324
US,56,1731
US,25,2344
US,106,6521
US,40,1874
US,18,1465
US,27,1344
US,29,2656
US,58,2032
US,99,6505
US,45,3282
US,102,13358
US,25,1079
US,11,779
US,44,2440
US,87,6365
US,50,2859
US,224,15013
US,41,1567
US,45,2365
US,42,2041
US,24,1558
US,11,785
US,12,1068
US,36,1639
US,32,1463
US,53,2220
US,37,1760
US,47,2538
US,76,2092
US,42,3616
US,22,1203
US,26,1558
US,39,1126
US,27,1920
US,44,2596
US,76,5459
US,38,1867
US,95,17348
US,59,3477
US,33,1285
US,71,2625
US,84,5454
US,367,27380
US,51,1657
US,23,1038
US,41,1829
US,21,2044
US,56,2938
US,86,4768
US,82,6078
US,25,1913
US,43,1537
US,34,1015
US,33,1232
US,40,1313
US,111,6117
US,63,2155
US,17,865
US,24,2306
US,29,1371
US,86,4484
US,23,1042
US,695,71109
US,190,13607
US,37,1950
US,27,641
US,23,1509
US,266,23792
US,39,1627
US,76,5522
US,48,12364
US,75,2547
US,12,750
US,0,578
US,37,1538
US,21,776
US,130,5441
US,95,7261
US,54,3448
US,23,677
US,106,6628
US,31,1763
US,37,2234
US,239,17979
US,8,998
US,41,2274
US,25,1789
US,21,1068
US,23,2273
US,7,460
US,55,3544
US,41,2352
US,39,1485
US,119,10328
US,3,322
US,8,446
US,77,3503
US,13,418
US,7,318
US,31,1147
US,26,1226
US,25,1123
US,11,208
US,122,5263
US,102,6589
US,12,322
US,59,2654
US,27,1333
US,99,11904
US,12,322
US,6,257
US,75,4379
US,28,1340
US,79,7095
US,88,6876
US,55,3634
US,54,4594
US,22,449
US,10,314
US,25,1129
US,14,774
US,2,128
US,14,941
US,1,254
US,19,841
US,78,4661
US,8,521
US,10,226
US,19,1891
US,46,2454
US,7,324
US,897,75105
US,12,687
US,19,1031
US,4,325
US,59,3443
US,7,159
US,118,9972
US,5,305
US,14,1476
US,8,369
US,91,5227
US,27,1464
US,28,1391
US,91,4159
US,15,600
US,59,4122
US,16,714
US,105,5177
US,24,744
US,8,317
US,56,1837
US,48,2451
US,17,474
US,30,1340
US,34,1892
US,14,370
US,15,688
US,0,0
US,15,1333
US,26,800
US,41,2669
US,26,1153
US,7,379
US,160,10664
US,14,862
US,16,1386
US,58,7871
US,11,760
US,15,490
US,32,1022
US,168,7948
US,27,688
US,936,76848
US,45,4442
US,441,24607
US,14,473
US,13,762
US,3,339
US,14,525
US,6,264
US,12,707
US,59,3021
US,21,1302
US,8,468
US,0,0
US,18,877
US,4,219
US,15,707
US,6,256
US,33,1404
US,9,359
US,354,27239
US,65,2917
US,61,3575
US,36,2978
US,17,618
US,120,7619
US,28,1477
US,88,5515
US,178,18968
US,27,2955
US,96,7818
US,80,5106
US,8,1018
US,23,1879
US,26,2550
US,112,11386
US,29,2224
US,45,2124
US,59,4971
US,90,11684
US,11,596
US,23,1743
US,52,4285
US,47,2487
US,119,9779
US,32,4857
US,55,4971
US,32,1881
US,33,1059
US,15,1028
US,242,15972
US,28,1466
US,4,1261
US,12,2058
US,360,49395
US,29,2002
US,100,6564
US,71,6489
US,16,694
US,37,1146
US,42,2559
US,29,3723
US,118,6975
US,75,4289
US,22,2075
US,73,5939
US,16,1320
US,231,16965
US,116,4984
US,29,3009
US,60,3341
US,94,7574
US,23,2382
US,18,529
US,183,7506
US,46,2424
US,1510,113209
US,87,7654
US,43,3544
US,241,22149
US,33,2226
US,49,6884
US,37,2293
US,111,12612
US,36,2400
US,29,1676
US,13,2022
US,58,3622
US,54,2243
US,74,3972
US,40,1296
US,77,4841
US,25,1863
US,134,14875
US,18,2075
US,40,3713
US,75,4814
US,30,1763
US,56,2405
US,158,9588
US,45,3162
US,36,1370
US,34,3209
US,20,789
US,67,4126
US,37,1800
US,56,2148
US,45,4239
US,6,2775
US,85,5208
US,73,7852
US,14,1037
US,74,4109
US,90,9711
US,20,1293
US,16,907
US,13,1817
US,82,5648
US,150,9879
US,20,2318
US,158,9676
US,15,311
US,27,2953
US,26,3228
US,54,3227
US,40,7644
US,97,6671
US,47,3034
US,28,2680
US,72,4987
US,30,1605
US,20,1836
US,9,1109
US,0,9
US,27,2399
US,222,24588
US,44,2230
US,54,2810
US,33,2355
US,75,7977
US,8,1105
US,26,3195
US,242,10267
US,107,4612
US,230,21402
US,57,3555
US,175,6952
US,120,5898
US,92,2439
US,380,21156
US,919,38375
US,585,33542
US,38,2143
US,8,849
US,48,1758
US,62,1979
US,74,3123
US,107,4628
US,1127,62675
US,30,1527
US,140,4439
US,134,5627
US,135,4443
US,76,3741
US,220,12256
US,121,5733
US,60,2722
US,1130,68523
US,121,4616
US,45,2669
US,387,37904
US,297,17554
US,114,6833
US,358,24100
US,52,2198
US,110,4367
US,127,6419
US,969,45912
US,568,30547
US,0,0
US,36,3768
US,82,3772
US,448,20768
US,44,1375
US,75,4196
US,81,4383
US,96,6755
US,122,8722
US,16,1258
US,68,3398
US,162,6204
US,333,13763
US,158,8229
US,209,8392
US,690,42685
US,483,22320
US,8,493
US,319,19069
US,0,561
US,100,3884
US,179,9945
US,158,6013
US,199,7829
US,143,6365
US,71,4321
US,46,1888
US,39,1492
US,58,2575
US,93,9747
US,73,3333
US,218,20217
US,18,1878
US,47,2284
US,91,8540
US,10,1655
US,4,1599
US,0,0
US,73,4470
US,142,10519
US,7,1146
US,12,1761
US,41,3634
US,0,2
US,30,2084
US,20,1466
US,145,16392
US,233,8997
US,736,50582
US,1774,73745
US,1313,59168
US,95,5224
US,39,2921
US,278,11132
US,166,8009
US,241,13786
US,73,3829
US,366,23089
US,71,2723
US,338,19413
US,269,21934
US,53,1574
US,1680,79948
US,1682,96880
US,64,3593
US,47,3140
US,149,8733
US,50,2612
US,65,0
US,363,17884
US,202,10274
US,113,4680
US,507,16831
US,313,8132
US,1835,77421
US,7,3686
US,2468,108788
US,120,3235
US,1624,62828
US,315,11201
US,3873,152899
US,1845,62042
US,1494,56641
US,1892,104467
US,6,55180
US,2348,90248
US,39,942
US,7,731
US,177,13383
US,69,2792
US,34,2021
US,31,1483
US,44,1001
US,76,7083
US,370,13138
US,38,1502
US,315,18197
US,110,6036
US,337,17135
US,86,6620
US,29,2162
US,58,2451
US,38,3244
US,92,3115
US,103,8937
US,15,1154
US,101,5205
US,75,3598
US,229,11976
US,47,2963
US,5,320
US,1034,47709
US,66,2885
US,53,1634
US,108,8000
US,123,4925
US,110,5535
US,52,3576
US,88,4499
US,432,28728
US,87,7712
US,86,2594
US,53,1280
US,105,7904
US,316,18761
US,437,27374
US,30,1516
US,936,85676
US,4,217
US,19,827
US,229,10555
US,22,1502
US,185,11520
US,215,20455
US,5,607
US,6,1060
US,2603,113131
US,31,1539
US,70,6315
US,43,2755
US,41,4018
US,48,2924
US,155,26942
US,119,9126
US,30,1719
US,289,18315
US,122,7351
US,24,790
US,401,19295
US,73,5884
US,2594,136315
US,66,3317
US,46,2269
US,22,570
US,34,2492
US,32,831
US,48,2826
US,477,38139
US,19,2193
US,35,1242
US,59,2172
US,651,24924
US,130,4616
US,5,649
US,120,7792
US,493,20715
US,111,7622
US,183,6674
US,0,39
US,152,8443
US,317,30817
US,5420,187159
US,50,3259
US,39,1641
US,495,50237
US,61,4804
US,72,5675
US,102,6874
US,4,721
US,51,9073
US,44,3707
US,60,4100
US,53,12678
US,39,3733
US,39,1755
US,59,7559
US,97,9557
US,18,1212
US,0,220
US,24,1828
US,104,8453
US,507,54027
US,5,2544
US,84,5686
US,26,1939
US,11,2111
US,42,4507
US,81,5708
US,9,713
US,1879,145233
US,17,2166
US,41,2554
US,71,5193
US,73,5502
US,12,1380
US,29,1739
US,93,7709
US,22,563
US,19,1316
US,24,911
US,21,997
US,4,429
US,30,3577
US,4,700
US,54,4175
US,10,772
US,19,1140
US,33,2836
US,66,5366
US,49,3255
US,63,3727
US,63,4953
US,38,5938
US,10,1230
US,49,3985
US,51,4630
US,9,729
US,112,16734
US,99,7163
US,22,2012
US,29,3951
US,27,1275
US,75,4639
US,8,1384
US,957,60405
US,8,524
US,43,2161
US,48,2110
US,127,9468
US,19,1468
US,24,2442
US,152,20438
US,109,14247
US,12,1868
US,342,21596
US,244,26234
US,21,5374
US,11,1131
US,19,1239
US,35,3464
US,5,460
US,103,529
US,5,2610
US,27,2063
US,26,3058
US,321,31832
US,11,1617
US,14,939
US,52,5773
US,167,19441
US,20,1374
US,118,4462
US,91,5503
US,52,2006
US,88,3270
US,37,1445
US,145,6168
US,44,2711
US,37,1633
US,67,2901
US,26,1295
US,35,1279
US,91,2856
US,74,2996
US,101,4028
US,89,4362
US,93,4212
US,373,31105
US,243,13271
US,28,1170
US,76,4807
US,47,2117
US,107,3590
US,121,7587
US,507,33547
US,599,31457
US,87,2638
US,38,1275
US,7,193
US,102,4502
US,361,23943
US,62,3201
US,33,931
US,42,1693
US,232,13560
US,40,1398
US,137,8318
US,134,10335
US,308,11736
US,36,2080
US,87,4021
US,224,15142
US,141,4548
US,133,5341
US,180,10633
US,275,14356
US,104,4138
US,128,6229
US,172,6601
US,54,1739
US,202,6524
US,77,3751
US,40,1809
US,124,7034
US,127,6383
US,230,9225
US,54,2026
US,142,5664
US,94,6394
US,81,4550
US,27,1047
US,381,21629
US,96,4652
US,20,633
US,115,4366
US,49,2575
US,60,3545
US,104,4181
US,50,2226
US,106,4451
US,81,4539
US,89,3454
US,36,1556
US,0,0
US,93,5821
US,61,2130
US,172,6531
US,155,7208
US,71,4362
US,43,1987
US,36,1023
US,91,3075
US,47,2271
US,86,4265
US,31,3340
US,23,2669
US,6,631
US,64,3625
US,59,4172
US,25,1735
US,39,2175
US,43,2543
US,18,1643
US,130,24009
US,176,13216
US,69,6365
US,19,1105
US,65,7163
US,120,6156
US,152,11801
US,26,1346
US,14,1046
US,149,13650
US,30,1630
US,8,991
US,154,12617
US,12,967
US,206,14286
US,75,2748
US,168,12645
US,32,2627
US,56,3475
US,17,851
US,40,2198
US,13,999
US,33,1419
US,33,1811
US,42,1564
US,58,4187
US,210,13864
US,48,2108
US,25,1260
US,654,42228
US,47,1521
US,17,1089
US,49,3126
US,18,1050
US,16,599
US,11,1348
US,68,5531
US,12,1323
US,645,53940
US,332,21962
US,305,30712
US,69,6843
US,791,61253
US,3,504
US,125,5170
US,71,4462
US,104,5046
US,22,1598
US,61,8759
US,25,1796
US,62,2520
US,20,2105
US,23,2257
US,17,959
US,58,5065
US,42,3438
US,3,420
US,74,3885
US,37,2103
US,38,2510
US,12,1264
US,19,1475
US,57,2537
US,53,3204
US,117,7598
US,33,3277
US,10,1303
US,22,2091
US,28,1073
US,41,2000
US,32,2965
US,99,7104
US,176,6004
US,33,2461
US,59,5707
US,49,5015
US,74,4982
US,9,607
US,14,1499
US,36,3477
US,46,2838
US,5,667
US,21,1810
US,46,3971
US,7,407
US,4,333
US,110,6921
US,16,959
US,9,886
US,531,53988
US,14,1214
US,152,11699
US,2480,125223
US,586,30583
US,29,2310
US,64,4181
US,81,3846
US,14,1152
US,144,8841
US,40,2906
US,0,0
US,64,2871
US,41,4814
US,63,3817
US,18,1487
US,86,5549
US,2,215
US,46,2500
US,15,1305
US,81,2898
US,24,997
US,12,732
US,19,1162
US,5,170
US,210,13199
US,8,618
US,24,1808
US,9,230
US,34,1370
US,24,1433
US,4,422
US,36,1442
US,153,17264
US,72,18207
US,3,110
US,48,1893
US,3,67
US,2,304
US,52,2808
US,9,1486
US,1,131
US,53,3230
US,102,9241
US,1,229
US,45,2950
US,8,1097
US,2,220
US,7,220
US,9,599
US,129,13719
US,15,488
US,26,1911
US,1,15
US,19,624
US,4,693
US,9,223
US,14,1186
US,2,151
US,56,4450
US,18,1542
US,57,1833
US,55,1500
US,17,1173
US,7,482
US,96,5176
US,20,972
US,7,505
US,7,719
US,11,905
US,1,76
US,0,0
US,21,1062
US,12,243
US,7,153
US,331,24362
US,46,3716
US,7,645
US,1,24
US,0,45
US,0,36
US,4,666
US,8,1345
US,3,223
US,2,281
US,57,6932
US,12,740
US,11,1019
US,16,3306
US,11,890
US,5,491
US,7,390
US,16,1102
US,11,860
US,21,1697
US,15,1121
US,19,1154
US,65,4422
US,12,945
US,31,3429
US,1,141
US,9,696
US,62,5551
US,718,83473
US,4,227
US,8,675
US,4,291
US,1,327
US,5,581
US,19,2468
US,1,146
US,1,248
US,5,220
US,4,58
US,1,260
US,117,9405
US,17,1204
US,0,252
US,0,67
US,5,313
US,16,1102
US,2,67
US,10,666
US,1,764
US,9,679
US,5,794
US,10,879
US,0,61
US,1,509
US,12,996
US,170,39896
US,60,5025
US,0,91
US,0,54
US,44,5356
US,1,45
US,15,927
US,7,681
US,10,485
US,15,873
US,11,505
US,10,1774
US,1,279
US,11,325
US,10,1213
US,20,723
US,50,4955
US,9,716
US,15,1485
US,19,879
US,2,120
US,2,2329
US,131,27029
US,16,2961
US,48,5204
US,32,2244
US,10,659
US,4,312
US,0,49
US,11,447
US,4,656
US,1,61
US,11,973
US,197,2135
US,2,437
US,25,2637
US,7,1187
US,7,453
US,0,61
US,11,2239
US,146,8328
US,56,3323
US,5660,320777
US,50,4396
US,93,7328
US,0,58
US,0,143
US,19,1966
US,14,673
US,4,492
US,93,6015
US,11,520
US,135,4127
US,23,1067
US,4,191
US,0,0
US,848,61875
US,10,1050
US,116,5459
US,19,3275
US,45,5072
US,47,2726
US,30,5211
US,665,42411
US,127,11966
US,289,29012
US,111,12150
US,31,2571
US,1,910
US,739,37711
US,2958,116662
US,923,52192
US,1403,65164
US,229,11899
US,462,19905
US,3124,104352
US,696,36460
US,2369,95777
US,187,11412
US,992,38192
US,2428,103430
US,1702,88963
US,1286,56160
US,2288,89941
US,1993,79804
US,200,7280
US,868,33999
US,319,16184
US,0,656
US,2026,78596
US,251,11504
US,1071,71541
US,7,144
US,190,11971
US,135,3349
US,46,1167
US,106,7104
US,3,220
US,522,28657
US,184,10352
US,48,2092
US,15,585
US,2,16
US,11,540
US,248,13047
US,29,2674
US,9,668
US,93,3794
US,496,13876
US,10,302
US,96,5594
US,14,940
US,83,4511
US,67,2583
US,534,18573
US,20,2385
US,264,14926
US,165,12379
US,54,957
US,62,1600
US,61,2225
US,18,1279
US,0,4872
US,11,326
US,138,8566
US,373,29190
US,93,4168
US,6720,204075
US,392,22611
US,100,7000
US,105,8157
US,160,11545
US,148,9643
US,86,4326
US,36,6071
US,110,4797
US,72,5000
US,41,3207
US,491,34386
US,1902,101292
US,30,2061
US,17,3794
US,98,5681
US,132,6369
US,84,4115
US,3,414
US,119,6203
US,71,7860
US,10785,323465
US,36,3331
US,67,5369
US,98,5665
US,1160,80017
US,135,5349
US,3270,209487
US,4614,164044
US,387,22731
US,565,26723
US,734,47924
US,102,8814
US,903,55454
US,85,3884
US,106,10256
US,51,4270
US,299,0
US,96,12050
US,10223,309155
US,157,13771
US,1914,86828
US,769,51560
US,191,19007
US,218,15713
US,20,2155
US,16,1361
US,60,2580
US,120,9346
US,164,8979
US,3539,231905
US,82,8010
US,68,4592
US,59,6151
US,274,16670
US,28,137
US,79,4909
US,65,4180
US,79,7305
US,2335,141844
US,54,4044
US,26,1444
US,310,24979
US,111,6109
US,5,1540
US,74,3643
US,46,3233
US,32,2577
US,120,6666
US,49,2364
US,92,5295
US,216,15348
US,396,26050
US,200,14891
US,313,31289
US,110,12620
US,8,1032
US,58,7817
US,34,3008
US,390,26994
US,91,6461
US,69,4467
US,40,2190
US,34,1522
US,290,17245
US,212,9751
US,148,13579
US,440,42347
US,24,2520
US,12,3568
US,268,24589
US,65,5972
US,170,9471
US,252,33106
US,117,7558
US,513,49112
US,60,9313
US,567,37817
US,17,989
US,24,1266
US,96,7558
US,53,3174
US,833,63969
US,131,7451
US,234,17383
US,133,6922
US,187,14378
US,69,2672
US,74,6815
US,11,811
US,300,27466
US,68,5267
US,301,30947
US,29,1255
US,100,9001
US,144,9101
US,92,14166
US,54,4654
US,55,2588
US,61,3443
US,112,8099
US,1166,150845
US,18,1891
US,107,4318
US,235,13002
US,221,14700
US,265,27590
US,62,2484
US,230,26559
US,108,11229
US,20,1607
US,95,4677
US,93,8492
US,11,1436
US,85,4881
US,138,28410
US,42,2205
US,284,20452
US,134,6846
US,402,24262
US,192,11138
US,414,25192
US,290,10666
US,127,10730
US,103,5479
US,164,11041
US,97,5790
US,217,11558
US,22,1836
US,43,3699
US,6,516
US,0,678
US,298,34540
US,93,6330
US,842,123334
US,27,2255
US,34,1497
US,34,6295
US,294,15174
US,166,10159
US,214,12653
US,69,5692
US,29,2661
US,4,340
US,32,1640
US,20,1237
US,0,72
US,20,894
US,6,492
US,3,286
US,215,20176
US,223,29115
US,5,519
US,33,899
US,2,247
US,7,589
US,6,494
US,14,528
US,19,625
US,4,307
US,81,12152
US,7,276
US,2,359
US,4,432
US,10,329
US,17,628
US,10,307
US,23,776
US,8,428
US,17,2071
US,33,1579
US,11,1454
US,104,6615
US,23,1740
US,16,531
US,3,181
US,11,1094
US,26,713
US,33,2001
US,18,863
US,14,355
US,19,2302
US,30,2559
US,7,569
US,3,139
US,14,812
US,0,39
US,52,6563
US,2,230
US,82,4084
US,11,361
US,18,1192
US,34,0
US,28,2143
US,209,11815
US,9,518
US,43,6138
US,2,270
US,80,3850
US,266,14761
US,117,6270
US,190,8728
US,66,7308
US,89,6158
US,190,8479
US,77,5907
US,674,48916
US,54,2747
US,64,4698
US,334,18606
US,305,26619
US,86,5499
US,244,12470
US,74,4182
US,125,5785
US,2356,138279
US,143,7088
US,101,5717
US,150,22997
US,175,10050
US,228,21211
US,56,3949
US,1602,156600
US,87,5587
US,61,3734
US,158,8402
US,281,21036
US,66,5076
US,1351,100609
US,145,8874
US,71,3788
US,41,1664
US,69,3403
US,92,5633
US,72,3248
US,112,3378
US,133,7749
US,67,4529
US,180,7943
US,125,7072
US,424,25252
US,126,9239
US,259,21547
US,90,5327
US,551,32932
US,877,52803
US,72,5616
US,654,28206
US,153,11189
US,297,20619
US,44,2344
US,91,5789
US,271,14446
US,50,1991
US,1183,69545
US,30,1759
US,54,4191
US,162,13415
US,44,1815
US,84,4538
US,43,2559
US,56,4806
US,131,10849
US,50,4118
US,236,16802
US,115,5285
US,108,5011
US,252,17220
US,185,9900
US,137,7143
US,133,10861
US,139,6706
US,106,6023
US,1005,43338
US,1067,57993
US,528,20945
US,277,11600
US,5,0
US,53,7681
US,73,3331
US,20,1474
US,345,31028
US,131,7670
US,254,12621
US,83,4827
US,210,16314
US,58,2939
US,55,4729
US,7,1264
US,30,2613
US,6,533
US,61,3254
US,24,1446
US,97,8234
US,104,4959
US,224,21936
US,148,8577
US,96,8694
US,41,2547
US,2,301
US,517,41284
US,19,992
US,244,20139
US,19,911
US,29,2865
US,220,10466
US,111,4742
US,126,7008
US,16,643
US,6,406
US,151,9505
US,88,4577
US,151,7709
US,7,684
US,23,712
US,6,352
US,8,472
US,25,1798
US,37,1598
US,63,3709
US,18,895
US,43,1855
US,146,6792
US,44,2507
US,29,1058
US,14,1409
US,75,7664
US,97,4539
US,90,5807
US,26,1919
US,27,1167
US,25,2640
US,99,6415
US,90,7137
US,106,5454
US,75,2772
US,49,2506
US,234,12800
US,27,1820
US,23,1734
US,33,2211
US,1506,113912
US,113,5554
US,111,6592
US,87,5856
US,0,0
US,59,2533
US,94,11557
US,95,6417
US,90,6508
US,158,10975
US,33,1685
US,12,470
US,250,15097
US,90,3599
US,73,6462
US,117,7155
US,36,3897
US,19,947
US,1440,102751
US,0,5726
US,179,12044
US,171,8159
US,24,1417
US,21,1562
US,40,3582
US,25,1894
US,30,4915
US,279,27909
US,27,2300
US,39,3488
US,76,4575
US,40,2373
US,18,1726
US,105,18135
US,220,11288
US,4,143
US,10,915
US,23,974
US,36,1719
US,281,21818
US,49,3390
US,182,8952
US,97,7027
US,8,803
US,271,25509
US,31,2953
US,97,11407
US,70,5150
US,411,34416
US,22,1743
US,652,53193
US,75,6673
US,3,138
US,24,1881
US,129,13516
US,0,0
US,40,2956
US,12,582
US,39,2618
US,285,36545
US,1,65
US,104,8020
US,199,12056
US,2165,121400
US,170,7676
US,432,19753
US,154,6031
US,1090,54839
US,356,15532
US,107,6961
US,1377,69230
US,456,22551
US,468,17414
US,10,421
US,186,7897
US,235,19389
US,850,47641
US,106,4073
US,178,10176
US,71,4370
US,143,7034
US,171,9619
US,567,25380
US,595,31744
US,1462,59323
US,49,3639
US,453,25738
US,353,15847
US,22,1532
US,415,19922
US,25,1944
US,49,4284
US,145,6200
US,196,8045
US,106,4195
US,107,2619
US,503,21230
US,1242,65858
US,242,9766
US,313,19057
US,910,46116
US,870,37329
US,323,14526
US,77,4470
US,297,12213
US,185,6379
US,347,18256
US,1791,80896
US,68,2274
US,761,42209
US,389,11468
US,109,4780
US,3916,174860
US,57,4897
US,29,1557
US,436,17465
US,93,4344
US,228,9667
US,24,545
US,64,3237
US,120,3976
US,0,0
US,95,6853
US,114,5326
US,116,3369
US,350,22802
US,99,5118
US,841,41016
US,56,2485
US,904,56473
US,0,580
US,0,2177
US,0,2653
US,0,1442
US,0,873
US,0,1218
US,0,3958
US,0,386
US,0,1006
US,0,1444
US,0,13220
US,0,1525
US,0,7799
US,0,1520
US,0,2602
US,0,11193
US,0,1590
US,0,1596
US,0,516
US,0,906
US,0,1661
US,0,1106
US,0,887
US,0,1897
US,0,51
US,0,2718
US,0,1675
US,0,686
US,0,328
US,0,1078
US,0,475
US,0,5692
US,0,2678
US,0,1620
US,0,579
US,0,2542
US,0,2277
US,0,416
US,0,1458
US,0,2692
US,0,623
US,0,1055
US,0,331
US,0,1931
US,0,1545
US,0,1042
US,0,1837
US,0,131
US,0,438
US,0,3265
US,0,2108
US,0,1691
US,0,1309
US,0,1886
US,0,984
US,0,434
US,0,410
US,0,681
US,0,4714
US,0,1210
US,0,787
US,0,2804
US,0,601
US,0,963
US,0,903
US,0,24253
US,0,2077
US,0,1843
US,0,616
US,0,4838
US,0,5079
US,0,3831
US,3155,3658
US,0,1164
US,0,2386
US,0,3846
US,0,183
US,0,883
US,0,1336
US,0,1006
US,0,0
US,149,5740
US,382,21591
US,49,8255
US,2065,110567
US,18,13181
US,175,13385
US,46,3623
US,313,25922
US,20,1326
US,671,34723
US,62,2081
US,78,3761
US,284,26410
US,297,29989
US,50,1705
US,651,63078
US,216,9513
US,101,6092
US,135,6802
US,134,4798
US,179,5498
US,219,11500
US,108,6187
US,342,32543
US,53,4273
US,93,3182
US,509,25789
US,164,9375
US,1284,100350
US,198,11426
US,71,3008
US,810,59821
US,72,3841
US,190,11431
US,208,15184
US,200,10808
US,70,2431
US,672,52376
US,131,5244
US,74,4640
US,30,1304
US,137,7195
US,188,14679
US,311,14019
US,420,26453
US,729,66609
US,50,2437
US,1055,59144
US,269,15222
US,0,0
US,94,4204
US,120,5504
US,462,44869
US,16,530
US,43,3169
US,9,437
US,29,1604
US,37,4946
US,95,6296
US,11,781
US,14,447
US,26,1716
US,4,155
US,26,1662
US,5,491
US,16,2104
US,83,5219
US,13,633
US,15,1217
US,68,3611
US,30,779
US,11,623
US,30,1715
US,9,500
US,14,562
US,20,871
US,14,391
US,42,1224
US,30,675
US,11,312
US,40,967
US,6,386
US,4,424
US,1,144
US,43,2753
US,28,1016
US,1,147
US,15,368
US,17,292
US,0,136
US,18,893
US,20,1516
US,54,4083
US,78,9822
US,11,700
US,6,409
US,25,881
US,7,302
US,40,4164
US,2,301
US,11,326
US,377,35778
US,20,738
US,52,2311
US,234,19080
US,14,389
US,4,403
US,43,1484
US,3,366
US,27,971
US,3,400
US,3,151
US,33,1465
US,18,826
US,60,1295
US,0,0
US,43,2481
US,17,842
US,37,3413
US,9,381
US,199,12333
US,148,8756
US,47,2631
US,14,3355
US,244,22826
US,172,21441
US,71,6568
US,38,2716
US,97,5471
US,203,10063
US,64,6754
US,68,3392
US,90,5149
US,36,1446
US,104,6969
US,144,10150
US,59,3268
US,201,10577
US,1097,117244
US,64,4066
US,42,2337
US,159,9991
US,134,7944
US,97,7071
US,60,3438
US,98,7645
US,181,10357
US,113,5710
US,60,4120
US,214,12636
US,37,2694
US,188,12585
US,627,61261
US,16,1127
US,77,4992
US,80,5353
US,156,9734
US,71,3739
US,95,5499
US,79,5295
US,69,4449
US,41,1782
US,44,3050
US,38,1991
US,135,9513
US,45,3372
US,853,75058
US,31,1972
US,59,5074
US,113,9197
US,35,2465
US,79,6425
US,88,8819
US,87,5285
US,294,17097
US,52,5546
US,81,6606
US,210,18749
US,119,10121
US,64,4424
US,27,2102
US,115,9330
US,317,31513
US,19,1397
US,44,3609
US,110,6398
US,122,28289
US,78,4601
US,32,1540
US,24,1033
US,27,3050
US,208,16217
US,89,6726
US,143,9494
US,175,13665
US,518,59925
US,54,4827
US,29,2860
US,242,19129
US,2085,140494
US,44,4056
US,33,2049
US,392,25424
US,401,33172
US,125,10971
US,24,3063
US,117,21113
US,59,3034
US,42,2893
US,25,1181
US,102,8252
US,308,20764
US,38,3930
US,81,6013
US,89,5370
US,261,38385
US,318,26253
US,178,7805
US,52,2688
US,365,13303
US,58,2515
US,15,1093
US,7,261
US,193,8271
US,50,3306
US,23,978
US,48,2174
US,149,13891
US,18,516
US,116,5238
US,640,37035
US,4727,311333
US,27,1250
US,2,39
US,52,2365
US,292,12257
US,760,57111
US,334,37007
US,19,1029
US,7,207
US,44,1111
US,158,6724
US,57,3122
US,107,7167
US,138,8219
US,32,3791
US,52,1665
US,1723,63769
US,61,1958
US,22,737
US,126,4251
US,34,1252
US,50,8503
US,189,6605
US,20,1502
US,23,1371
US,16,424
US,16,655
US,49,985
US,1025,124367
US,9,382
US,50,2456
US,422,18544
US,59,2090
US,10,688
US,88,4905
US,143,10316
US,9,217
US,16,819
US,16,754
US,33,952
US,11,382
US,28,1161
US,4899,389318
US,75,2061
US,77,2909
US,70,3303
US,19,573
US,927,101276
US,10,236
US,42,3713
US,18,541
US,52,1922
US,69,2006
US,490,24963
US,7,315
US,2827,145163
US,410,31562
US,93,6020
US,41,2563
US,134,4644
US,88,3556
US,16,402
US,33,1093
US,10,178
US,889,95676
US,31,1247
US,64,2673
US,65,3738
US,54,2048
US,650,62091
US,22,674
US,73,3404
US,3,146
US,23,699
US,77,3470
US,68,3360
US,441,15579
US,482,18605
US,97,5040
US,300,23110
US,182,7617
US,15,528
US,29,1257
US,26,1087
US,13,442
US,178,10080
US,8345,556159
US,158,8829
US,2,815
US,30,554
US,367,31768
US,3,675
US,297,9412
US,3347,115420
US,136,5632
US,127,4016
US,178,9194
US,136,5098
US,77,2749
US,118,5648
US,14,578
US,257,10337
US,83,3352
US,2,180
US,19,822
US,48,2724
US,134,3899
US,6,203
US,632,30827
US,20,889
US,160,6930
US,483,26458
US,67,3089
US,52,3802
US,379,22749
US,90,4850
US,2,60
US,3,120
US,117,6272
US,11,423
US,0,14
US,8,492
US,124,4208
US,20,299
US,32,1183
US,191,8473
US,87,2922
US,58,3408
US,91,3109
US,48,2821
US,61,2380
US,315,12308
US,104,3549
US,12,373
US,33,1735
US,68,2488
US,0,8
US,926,63778
US,26,797
US,42,2404
US,42,1118
US,22,821
US,7,513
US,145,5923
US,390,12537
US,29,895
US,650,40670
US,7,112
US,152,6653
US,11,325
US,340,26831
US,74,3649
US,26,840
US,36,871
US,86,2882
US,942,85161
US,79,3328
US,47,1584
US,8,147
US,211,7439
US,169,8432
US,47,931
US,71,2369
US,1200,65306
US,32,1394
US,5,330
US,247,13443
US,106,4508
US,100,2848
US,268,22703
US,35,1497
US,44,2115
US,179,5730
US,536,22544
US,27,893
US,36,1440
US,327,22598
US,9,550
US,16,492
US,46,1289
US,49,3318
US,29,1173
US,1,88
US,61,2854
US,202,16768
US,51,1649
US,154,7851
US,67,917
US,35,843
US,66,2727
US,255,6757
US,26,915
US,9,343
US,80,3132
US,5,396
US,99,2796
US,14,294
US,669,34714
US,20,1402
US,328,11373
US,32,1094
US,5,162
US,6,204
US,11,602
US,22,1371
US,4304,346536
US,491,21559
US,3,102
US,63,2003
US,5,111
US,97,5577
US,358,24327
US,1344,115667
US,49,1491
US,65,2388
US,0,0
US,122,5606
US,13,570
US,91,6127
US,235,10394
US,186,7549
US,313,12877
US,171,11620
US,70,6165
US,26,1785
US,120,5564
US,874,56002
US,158,6033
US,12,733
US,452,20728
US,58,2162
US,103,4486
US,643,72737
US,119,7046
US,27,1055
US,175,10695
US,197,6151
US,30,1131
US,59,2685
US,41,2173
US,52,2461
US,137,27993
US,97,12560
US,242,50327
US,1083,183169
US,40,2242
US,38,5135
US,358,38294
US,18,6442
US,57,10622
US,58,7454
US,3,1350
US,506,118498
US,27,5724
US,279,40399
US,8,1367
US,20,2732
US,10,1470
US,120,10155
US,2,396
US,43,2719
US,2,311
US,5,1116
US,4,1080
US,13,2034
US,26,3267
US,0,23
US,18,2953
US,23,1951
US,24,2278
US,71,6786
US,69,3797
US,93,7560
US,147,13674
US,61,1947
US,38,1310
US,53,4099
US,34,2238
US,264,17799
US,110,9468
US,14,417
US,132,9250
US,13,1015
US,39,3452
US,44,2156
US,30,1706
US,50,2151
US,36,2518
US,22,1159
US,127,6683
US,46,3607
US,85,3569
US,19,649
US,24,1170
US,57,5096
US,337,27345
US,504,37238
US,21,1255
US,64,2424
US,14,725
US,6,475
US,75,6064
US,13,675
US,168,5864
US,22,1445
US,50,2906
US,42,841
US,15,1139
US,1152,88464
US,20,634
US,8,519
US,81,6458
US,24,1312
US,22,2442
US,93,5554
US,40,1509
US,124,10657
US,25,2877
US,58,1433
US,25,2077
US,61,3615
US,28,1861
US,43,1928
US,27,2017
US,26,1813
US,99,3553
US,217,14279
US,186,10956
US,100,7889
US,687,32659
US,140,5967
US,1,159
US,85,3523
US,79,4129
US,89,6520
US,22,2382
US,22,1768
US,8,581
US,21,1018
US,53,3437
US,33,1496
US,291,32793
US,41,2894
US,19,1000
US,174,11136
US,20,906
US,51,4860
US,12,1259
US,85,1924
US,16,847
US,75,3159
US,25,886
US,92,11290
US,16,1231
US,20,2133
US,279,19430
US,306,23210
US,40,1082
US,25,1130
US,11,498
US,60,2474
US,49,3350
US,67,3070
US,52,1885
US,101,5025
US,100,7468
US,18,1221
US,222,11928
US,23,2586
US,46,2761
US,35,4663
US,541,52702
US,76,3734
US,30,2809
US,4,520
US,12,1635
US,313,22730
US,156,10926
US,216,11280
US,52,1969
US,133,8728
US,49,3410
US,56,3083
US,71,2755
US,147,5795
US,103,4251
US,61,2270
US,140,13885
US,100,15011
US,78,3208
US,218,10284
US,10,564
US,26,1478
US,90,5343
US,0,0
US,494,47490
US,73,4538
US,132,6958
US,42,3271
US,31,1685
US,14,1084
US,51,3574
US,121,4681
US,89,4118
US,69,5088
US,27,3043
US,46,2539
US,332,29328
US,97,10131
US,48,4173
US,423,37651
US,6,315
US,192,12221
US,33,5592
US,11,631
US,163,19201
US,7,207
US,127,14458
US,111,7667
US,43,3476
US,14,971
US,1874,152022
US,199,15105
US,48,4547
US,15,1664
US,125,9006
US,17,1230
US,57,4940
US,61,4563
US,25,1664
US,19,1338
US,805,83884
US,0,293
US,99,9579
US,4,661
US,701,59338
US,916,65838
US,74,4375
US,201,18221
US,3,1628
US,5,251
US,92,8219
US,138,14682
US,59,5395
US,548,40863
US,41,2439
US,158,16777
US,42,3171
US,14,1915
US,67,2876
US,228,13683
US,4,820
US,16,1055
US,8,1047
US,104,5475
US,8,1222
US,31,1929
US,80,4499
US,43,2804
US,99,3773
US,27,2205
US,118,9534
US,72,3449
US,75,6302
US,425,22057
US,36,2647
US,35,2444
US,122,4905
US,76,6961
US,99,4929
US,49,3296
US,39,2607
US,159,7885
US,104,4193
US,65,4207
US,119,11737
US,25,1945
US,36,1860
US,34,3150
US,96,5677
US,12,1044
US,23,1326
US,16,1032
US,60,4454
US,109,7891
US,139,10296
US,34,4701
US,17,1309
US,15,1259
US,27,1323
US,35,1974
US,17,946
US,18,1272
US,0,0
US,56,3580
US,60,5102
US,14,976
US,46,2302
US,10,743
US,209,11824
US,51,3275
US,33,2529
US,16,1715
US,86,7687
US,24,1517
US,315,42084
US,7,1820
US,29,1933
US,58,7698
US,111,9975
US,73,4509
US,78,7352
US,22,2097
US,357,54789
US,217,15086
US,38,3451
US,66,5546
US,42,6432
US,131,14867
US,13,570
US,153,16665
US,31,1395
US,106,6897
US,26,4272
US,29,2745
US,16,2561
US,42,815
US,31,3176
US,147,11226
US,33,3934
US,361,22675
US,41,3274
US,105,16249
US,11,1971
US,54,2812
US,106,3917
US,103,10667
US,252,19402
US,78,5873
US,29,1979
US,11,899
US,1548,143120
US,54,5859
US,76,6502
US,85,4525
US,261,28217
US,112,11507
US,8,1100
US,44,5828
US,73,6110
US,89,8857
US,8,1617
US,438,30111
US,22,1835
US,227,21231
US,31,1988
US,62,7650
US,31,2277
US,88,6475
US,174,17085
US,82,11851
US,43,2723
US,52,4625
US,0,0
US,53,2614
US,50,2837
US,182,14676
US,25,2016
US,217,20752
US,688,58989
US,178,7468
US,48,3274
US,245,25707
US,126,9700
US,28,5829
US,39,1779
US,77,7812
US,36,2448
US,30,1925
US,17,780
US,110,7718
US,29,1873
US,7,817
US,13,1080
US,168,14555
US,15,2395
US,161,12650
US,5,314
US,48,4385
US,22,1183
US,41,4661
US,12,1205
US,65,6959
US,13,4943
US,25,3550
US,0,0
US,27,1398
US,8,910
Uganda,3159,123742
Ukraine,1358,87106
Ukraine,1424,61404
Ukraine,2025,89500
Ukraine,2594,79657
Ukraine,4867,149705
Ukraine,2624,102011
Ukraine,2197,91924
Ukraine,3957,166688
Ukraine,1341,42752
Ukraine,2013,96224
Ukraine,5406,235062
Ukraine,2890,134420
Ukraine,892,21784
Ukraine,1101,34327
Ukraine,3901,150908
Ukraine,1961,74018
Ukraine,3283,154323
Ukraine,1939,82347
Ukraine,1270,85230
Ukraine,1124,30834
Ukraine,1427,83910
Ukraine,1306,76645
Ukraine,1787,75787
Ukraine,1259,66310
Ukraine,1633,63883
Ukraine,2651,114280
Ukraine,1934,94865
United Arab Emirates,2100,736268
United Kingdom,1,425
United Kingdom,72,5244
United Kingdom,37,2642
United Kingdom,2,853
United Kingdom,97,11657
United Kingdom,119680,6674820
United Kingdom,0,67
United Kingdom,97,5555
United Kingdom,52,7611
United Kingdom,1,34
United Kingdom,2564,239339
United Kingdom,0,4
United Kingdom,8648,568916
United Kingdom,23,2854
United Kingdom,0,0
United Kingdom,5897,358550
Uruguay,6056,389025
Uzbekistan,1242,174408
Vanuatu,1,4
Venezuela,4469,368968
Vietnam,19437,797712
West Bank and Gaza,4120,405056
Yemen,1729,9111
Zambia,3649,209114
Zimbabwe,4624,131028
