Dollars to Egyptian-Pounds ,Egyptian-Pounds to Dollars 
1 USD = 15.7128 EGP,1 EGP = 0.0636 USD
2 USD = 31.4256 EGP,2 EGP = 0.1273 USD
5 USD = 78.5641 EGP,5 EGP = 0.3182 USD
10 USD = 157.1281 EGP,10 EGP = 0.6364 USD
15 USD = 235.6922 EGP,15 EGP = 0.9546 USD
20 USD = 314.2562 EGP,20 EGP = 1.2728 USD
25 USD = 392.8203 EGP,25 EGP = 1.5911 USD
50 USD = 785.6406 EGP,50 EGP = 3.1821 USD
100 USD = 1571.2811 EGP,100 EGP = 6.3642 USD
500 USD = 7856.4056 EGP,500 EGP = 31.8212 USD
1000 USD = 15712.8113 EGP,1000 EGP = 63.6423 USD
2500 USD = 39282.0282 EGP,2500 EGP = 159.1058 USD
5000 USD = 78564.0564 EGP,5000 EGP = 318.2117 USD
10000 USD = 157128.1127 EGP,10000 EGP = 636.4234 USD
